-- Bank 테이블
INSERT INTO bank (bank_name)
VALUES ('버니은행');

-- quest_category 데이터
INSERT INTO quest_category (quest_category_id, category_name)
VALUES 
  (1, '집안일'),
  (2, '우리 가족'),
  (3, '학습'),
  (4, '생활습관'),
  (5, '기타');

 -- 알림 타입 추가
INSERT IGNORE INTO notification_type (notification_type_id, type_code)
VALUES
  (1, 'TRANSFER_RECEIVED'),
  (2, 'QUEST_REGISTERED'),
  (3, 'QUEST_COMPLETION_REQUEST'),
  (4, 'QUEST_APPROVED'),
  (5, 'QUEST_EXPIRED'),
  (6, 'LOAN_REPAYMENT_REMINDER'),
  (7, 'LOAN_APPLICATION'),
  (8, 'LOAN_REPAYMENT_COMPLETED'),
  (9, 'CREDIT_SCORE_PENALTY'),
  (10, 'ABNORMAL_TRANSACTION'),
  (11, 'QUEST_APPROVAL_REJECTED');

INSERT IGNORE INTO notification_type (notification_type_id, type_code)
VALUES
  (1, 'TRANSFER_RECEIVED'),
  (2, 'QUEST_REGISTERED'),
  (3, 'QUEST_COMPLETION_REQUEST'),
  (4, 'QUEST_APPROVED'),
  (5, 'QUEST_EXPIRED'),
  (6, 'LOAN_REPAYMENT_REMINDER'),
  (7, 'LOAN_APPLICATION'),
  (8, 'LOAN_REPAYMENT_COMPLETED'),
  (9, 'CREDIT_SCORE_PENALTY'),
  (10, 'ABNORMAL_TRANSACTION'),
  (11, 'QUEST_APPROVAL_REJECTED');

-- 거래내역 카테고리
  INSERT INTO transaction_category(transaction_category_id, created_at, is_custom, transaction_category_name)
 VALUES 
  (1,'2025-03-23 16:49:27', 0, '입금'),
  (2,'2025-03-23 16:49:27', 0, '출금'),
  (3,'2025-03-23 16:49:27', 0, '용돈'),
  (4,'2025-03-23 16:49:27', 0, '대출'),
  (5,'2025-03-25 00:22:13', 0, '퀘스트'),
  (6,'2025-03-25 00:22:13', 0, '이체'),
  (7,'2025-03-25 00:22:13', 0, '대출상환'),
  (8,'2025-03-25 00:22:13', 0, '식사'),
  (9,'2025-03-25 00:22:13', 0, '교통비'),
  (10,'2025-03-25 00:22:13', 0, '학습'),
  (11,'2025-03-25 00:22:13', 0, '문구'),
  (12,'2025-03-25 00:22:13', 0, '문화'),
  (13,'2025-03-25 00:22:13', 0, '카페/간식'),
  (14,'2025-03-25 00:22:13', 0, '의류/미용'),
  (15,'2025-03-25 00:22:13', 0, '의료'),
  (16,'2025-03-25 00:22:13', 0, '생활/잡화'),
  (17,'2025-03-23 16:49:27', 0, '기타');

-- 거래내역 내용
INSERT INTO transaction_content(transaction_content_id, content_name, default_transaction_category_id, created_at)
VALUES 
  (1,'입금',1,'2025-03-23 16:51:23'),
  (2,'출금',2,'2025-03-23 16:51:23'),
  (3,'기타',17,'2025-03-23 16:51:23'),
  (4,'이체',6,'2025-03-25 00:22:13'),
  (5,'스타벅스',13,'2025-03-23 16:51:23'),
  (6,'다이소',16,'2025-03-23 16:51:23'),
  (7,'퀘스트',5,'2025-03-25 00:22:13'),
  (8,'용돈',3,'2025-03-25 00:22:13'),
  (9,'대출',4,'2025-03-25 00:22:13'),
  (10,'대출상환',7,'2025-03-25 00:22:13'),
  (11,'학생 도시락',8,'2025-03-25 00:22:13'),
  (12,'김치찌개',8,'2025-03-25 00:22:13'),
  (13,'제육볶음',8,'2025-03-25 00:22:13'),
  (14,'버스 정기권',9,'2025-03-25 00:22:13'),
  (15,'지하철 정기권',9,'2025-03-25 00:22:13'),
  (16,'택시 이용권',9,'2025-03-25 00:22:13'),
  (17,'수학 문제집',10,'2025-03-25 00:22:13'),
  (18,'영어 단어장',10,'2025-03-25 00:22:13'),
  (19,'온라인 강의',10,'2025-03-25 00:22:13'),
  (20,'필통 세트',11,'2025-03-25 00:22:13'),
  (21,'노트 3종 세트',11,'2025-03-25 00:22:13'),
  (22,'형관펜 세트',11,'2025-03-25 00:22:13'),
  (23,'영화 티켓',12,'2025-03-25 00:22:13'),
  (24,'전시회 입장권',12,'2025-03-25 00:22:13'),
  (25,'콘서트 티켓',12,'2025-03-25 00:22:13'),
  (26,'아메리카노',13,'2025-03-25 00:22:13'),
  (27,'카페 라떼',13,'2025-03-25 00:22:13'),
  (28,'크로플',13,'2025-03-25 00:22:13'),
  (29,'기본 티셔츠',14,'2025-03-25 00:22:13'),
  (30,'헤어 케어 세트',14,'2025-03-25 00:22:13'),
  (31,'스킨케어 세트',14,'2025-03-25 00:22:13'),
  (32,'종합 감기약',15,'2025-03-25 00:22:13'),
  (33,'비타민 세트',15,'2025-03-25 00:22:13'),
  (34,'마스크 (50매)',15,'2025-03-25 00:22:13'),
  (35,'휴대용 선풍기',16,'2025-03-25 00:22:13'),
  (36,'미니 가습기',16,'2025-03-25 00:22:13'),
  (37,'멀티 충전기',16,'2025-03-25 00:22:13'),
  (38,'기프트 카드',17,'2025-03-25 00:22:13'),
  (39,'모바일 상품권',17,'2025-03-25 00:22:13'),
  (40,'기부 포인트',17,'2025-03-25 00:22:13');
